"temperature_C","rr_cumulative","rr_low_95","rr_high_95","or_cumulative","or_low_95","or_high_95"
-8,1.26832293480082,1.18945504987903,1.35242022563641,1.26832293480082,1.18945504987903,1.35242022563641
-7.9,1.26802452069127,1.18981274959837,1.35137750508815,1.26802452069127,1.18981274959837,1.35137750508815
-7.8,1.26772592676544,1.19016755548515,1.3503384611574,1.26772592676544,1.19016755548515,1.3503384611574
-7.7,1.26742701858478,1.190519208972,1.34930309005749,1.26742701858478,1.190519208972,1.34930309005749
-7.6,1.26712766183792,1.19086745107029,1.34827138818162,1.26712766183792,1.19086745107029,1.34827138818162
-7.5,1.26682772234101,1.19121202241869,1.34724335205512,1.26682772234101,1.19121202241869,1.34724335205512
-7.4,1.26652706603831,1.1915526633355,1.34621897828443,1.26652706603831,1.1915526633355,1.34621897828443
-7.3,1.26622555900286,1.19188911387494,1.34519826350251,1.26622555900286,1.19188911387494,1.34519826350251
-7.2,1.26592306743734,1.19222111388761,1.3441812043106,1.26592306743734,1.19222111388761,1.3441812043106
-7.1,1.265619457675,1.1925484030852,1.34316779721613,1.265619457675,1.1925484030852,1.34316779721613
-7,1.2653145961808,1.1928707211097,1.34215803856666,1.2653145961808,1.1928707211097,1.34215803856666
-6.9,1.26500834955265,1.19318780760718,1.34115192447957,1.26500834955265,1.19318780760718,1.34115192447957
-6.8,1.26470058452282,1.19349940230647,1.34014945076752,1.26470058452282,1.19349940230647,1.34014945076752
-6.7,1.26439116795947,1.19380524510263,1.33915061285937,1.26439116795947,1.19380524510263,1.33915061285937
-6.6,1.26407996686831,1.19410507614569,1.33815540571642,1.26407996686831,1.19410507614569,1.33815540571642
-6.5,1.26376684839443,1.19439863593456,1.33716382374392,1.26376684839443,1.19439863593456,1.33716382374392
-6.4,1.26345167982426,1.19468566541634,1.33617586069758,1.26345167982426,1.19468566541634,1.33617586069758
-6.3,1.26313432858765,1.19496590609122,1.33519150958503,1.26313432858765,1.19496590609122,1.33519150958503
-6.2,1.26281466226013,1.19523910012302,1.33421076256209,1.26281466226013,1.19523910012302,1.33421076256209
-6.1,1.26249254856524,1.19550499045552,1.33323361082368,1.26249254856524,1.19550499045552,1.33323361082368
-6,1.26216785537707,1.19576332093467,1.33226004448934,1.26216785537707,1.19576332093467,1.33226004448934
-5.9,1.26184045072291,1.19601383643677,1.33129005248324,1.26184045072291,1.19601383643677,1.33129005248324
-5.8,1.26151020278602,1.19625628300267,1.33032362240867,1.26151020278602,1.19625628300267,1.33032362240867
-5.7,1.26117697990859,1.1964904079781,1.32936074041679,1.26117697990859,1.1964904079781,1.32936074041679
-5.6,1.26084065059475,1.19671596016005,1.32840139106992,1.26084065059475,1.19671596016005,1.32840139106992
-5.5,1.2605010835138,1.19693268994926,1.32744555719907,1.2605010835138,1.19693268994926,1.32744555719907
-5.4,1.26015814750357,1.19714034950881,1.32649321975588,1.26015814750357,1.19714034950881,1.32649321975588
-5.3,1.25981171157382,1.19733869292867,1.32554435765913,1.25981171157382,1.19733869292867,1.32554435765913
-5.2,1.25946164490993,1.19752747639621,1.32459894763567,1.25946164490993,1.19752747639621,1.32459894763567
-5.1,1.25910781687657,1.19770645837242,1.32365696405616,1.25910781687657,1.19770645837242,1.32365696405616
-5,1.25875009702166,1.19787539977385,1.32271837876558,1.25875009702166,1.19787539977385,1.32271837876558
-4.9,1.25838835508028,1.19803406415979,1.3217831609089,1.25838835508028,1.19803406415979,1.3217831609089
-4.8,1.25802246097892,1.19818221792472,1.32085127675204,1.25802246097892,1.19818221792472,1.32085127675204
-4.7,1.25765228483969,1.19831963049556,1.31992268949844,1.25765228483969,1.19831963049556,1.31992268949844
-4.6,1.25727769698475,1.19844607453332,1.31899735910173,1.25727769698475,1.19844607453332,1.31899735910173
-4.5,1.2568985679409,1.19856132613894,1.31807524207465,1.2568985679409,1.19856132613894,1.31807524207465
-4.4,1.25651476844421,1.19866516506269,1.31715629129493,1.25651476844421,1.19866516506269,1.31715629129493
-4.3,1.25612616944483,1.19875737491671,1.31624045580848,1.25612616944483,1.19875737491671,1.31624045580848
-4.2,1.25573264211199,1.19883774339006,1.31532768063051,1.25573264211199,1.19883774339006,1.31532768063051
-4.1,1.255334057839,1.19890606246574,1.31441790654517,1.255334057839,1.19890606246574,1.31441790654517
-4,1.25493028824854,1.19896212863901,1.31351106990447,1.25493028824854,1.19896212863901,1.31351106990447
-3.9,1.2545212051979,1.19900574313608,1.31260710242701,1.2545212051979,1.19900574313608,1.31260710242701
-3.8,1.25410668078454,1.19903671213278,1.31170593099758,1.25410668078454,1.19903671213278,1.31170593099758
-3.7,1.2536865873516,1.19905484697195,1.31080747746818,1.2536865873516,1.19905484697195,1.31080747746818
-3.6,1.25326079749369,1.19905996437896,1.30991165846158,1.25326079749369,1.19905996437896,1.30991165846158
-3.5,1.25282918406271,1.19905188667434,1.30901838517812,1.25282918406271,1.19905188667434,1.30901838517812
-3.4,1.25239162017381,1.19903044198252,1.30812756320697,1.25239162017381,1.19903044198252,1.30812756320697
-3.3,1.25194797921153,1.19899546443571,1.3072390923426,1.25194797921153,1.19899546443571,1.3072390923426
-3.2,1.25149813483601,1.1989467943719,1.30635286640767,1.25149813483601,1.1989467943719,1.30635286640767
-3.1,1.25104196098936,1.1988842785259,1.30546877308334,1.25104196098936,1.1988842785259,1.30546877308334
-3,1.25057933190211,1.19880777021225,1.3045866937481,1.25057933190211,1.19880777021225,1.3045866937481
-2.9,1.25011012209985,1.19871712949915,1.30370650332614,1.25011012209985,1.19871712949915,1.30370650332614
-2.8,1.24963420640991,1.198612223372,1.30282807014649,1.24963420640991,1.198612223372,1.30282807014649
-2.7,1.24915145996829,1.19849292588571,1.30195125581384,1.24915145996829,1.19849292588571,1.30195125581384
-2.6,1.24866175822652,1.1983591183046,1.30107591509229,1.24866175822652,1.1983591183046,1.30107591509229
-2.5,1.24816497695886,1.19821068922887,1.30020189580293,1.24816497695886,1.19821068922887,1.30020189580293
-2.4,1.24766099226943,1.19804753470657,1.29932903873636,1.24766099226943,1.19804753470657,1.29932903873636
-2.3,1.2471496805996,1.19786955833021,1.29845717758103,1.2471496805996,1.19786955833021,1.29845717758103
-2.2,1.24663091873539,1.19767667131701,1.29758613886844,1.24663091873539,1.19767667131701,1.29758613886844
-2.1,1.24610458381509,1.19746879257193,1.29671574193588,1.24610458381509,1.19746879257193,1.29671574193588
-2,1.24557055333687,1.19724584873277,1.29584579890759,1.24557055333687,1.19724584873277,1.29584579890759
-1.9,1.24502870516667,1.19700777419664,1.29497611469511,1.24502870516667,1.19700777419664,1.29497611469511
-1.8,1.24447891754605,1.19675451112707,1.29410648701716,1.24447891754605,1.19675451112707,1.29410648701716
-1.7,1.24392106910023,1.19648600944148,1.29323670643985,1.24392106910023,1.19648600944148,1.29323670643985
-1.6,1.24335503884625,1.19620222677835,1.29236655643745,1.24335503884625,1.19620222677835,1.29236655643745
-1.5,1.2427807062012,1.19590312844405,1.291495813474,1.2427807062012,1.19590312844405,1.291495813474
-1.4,1.24219795099061,1.19558868733889,1.29062424710605,1.24219795099061,1.19558868733889,1.29062424710605
-1.3,1.24160665345689,1.19525888386263,1.28975162010643,1.24160665345689,1.19525888386263,1.28975162010643
-1.2,1.24100669426797,1.19491370579918,1.28887768860921,1.24100669426797,1.19491370579918,1.28887768860921
-1.1,1.24039795452591,1.19455314818099,1.28800220227534,1.24039795452591,1.19455314818099,1.28800220227534
-1,1.23978031577576,1.19417721313314,1.28712490447905,1.23978031577576,1.19417721313314,1.28712490447905
-0.899999999999999,1.23915366001446,1.19378590969778,1.28624553251425,1.23915366001446,1.19378590969778,1.28624553251425
-0.8,1.2385178696998,1.19337925363924,1.28536381782069,1.2385178696998,1.19337925363924,1.28536381782069
-0.699999999999999,1.23787282775959,1.19295726723063,1.28447948622897,1.23787282775959,1.19295726723063,1.28447948622897
-0.6,1.23721841760083,1.19251997902249,1.28359225822398,1.23721841760083,1.19251997902249,1.28359225822398
-0.5,1.23655452311903,1.19206742359444,1.28270184922556,1.23655452311903,1.19206742359444,1.28270184922556
-0.399999999999999,1.23588102870766,1.19159964129064,1.28180796988587,1.23588102870766,1.19159964129064,1.28180796988587
-0.3,1.23519781926759,1.19111667794015,1.28091032640219,1.23519781926759,1.19111667794015,1.28091032640219
-0.199999999999999,1.23450478021677,1.19061858456308,1.2800086208442,1.23450478021677,1.19061858456308,1.2800086208442
-0.0999999999999996,1.2338017974999,1.1901054170638,1.27910255149472,1.2338017974999,1.1901054170638,1.27910255149472
0,1.23308875759822,1.18957723591218,1.27819181320259,1.23308875759822,1.18957723591218,1.27819181320259
0.0999999999999996,1.2323655475394,1.18903410581417,1.27727609774672,1.2323655475394,1.18903410581417,1.27727609774672
0.200000000000001,1.23163205490756,1.18847609537278,1.27635509420997,1.23163205490756,1.18847609537278,1.27635509420997
0.300000000000001,1.23088816785329,1.18790327674072,1.2754284893617,1.23088816785329,1.18790327674072,1.2754284893617
0.4,1.23013377510385,1.18731572526584,1.27449596804795,1.23013377510385,1.18731572526584,1.27449596804795
0.5,1.22936876597338,1.18671351913061,1.27355721358776,1.22936876597338,1.18671351913061,1.27355721358776
0.6,1.22859303037327,1.18609673898659,1.27261190817492,1.22859303037327,1.18609673898659,1.27261190817492
0.700000000000001,1.22780645882256,1.18546546758526,1.2716597332836,1.22780645882256,1.18546546758526,1.2716597332836
0.800000000000001,1.22700894245843,1.18481978940596,1.27070037007721,1.22700894245843,1.18481978940596,1.27070037007721
0.9,1.2262003730468,1.18415979028215,1.26973349981919,1.2262003730468,1.18415979028215,1.26973349981919
1,1.22538064299297,1.18348555702681,1.26875880428496,1.22538064299297,1.18348555702681,1.26875880428496
1.1,1.22454964535235,1.18279717705784,1.26777596617414,1.22454964535235,1.18279717705784,1.26777596617414
1.2,1.2237072738413,1.18209473802432,1.26678466952224,1.2237072738413,1.18209473802432,1.26678466952224
1.3,1.22285342284801,1.18137832743414,1.26578460011106,1.22285342284801,1.18137832743414,1.26578460011106
1.4,1.22198800358082,1.18064804692116,1.26477546360194,1.22198800358082,1.18064804692116,1.26477546360194
1.5,1.22111108631561,1.17990413993792,1.26375714318736,1.22111108631561,1.17990413993792,1.26375714318736
1.6,1.22022283137628,1.17914692610633,1.2627296270267,1.22022283137628,1.17914692610633,1.2627296270267
1.7,1.21932340004277,1.17837671961283,1.26169291122821,1.21932340004277,1.17837671961283,1.26169291122821
1.8,1.21841295350379,1.17759382829412,1.26064699864838,1.21841295350379,1.17759382829412,1.26064699864838
1.9,1.21749165284325,1.17679855367569,1.2595918988115,1.21749165284325,1.17679855367569,1.2595918988115
2,1.21655965902691,1.17599119102015,1.25852762781988,1.21655965902691,1.17599119102015,1.25852762781988
2.1,1.21561713288922,1.17517202938465,1.25745420825544,1.21561713288922,1.17517202938465,1.25745420825544
2.2,1.2146642351204,1.17434135168668,1.2563716690735,1.2146642351204,1.17434135168668,1.2563716690735
2.3,1.21370112625359,1.17349943477737,1.25528004548949,1.21370112625359,1.17349943477737,1.25528004548949
2.4,1.21272796665235,1.17264654952186,1.25417937885923,1.21272796665235,1.17264654952186,1.25417937885923
2.5,1.21174491649825,1.17178296088575,1.25306971655351,1.21174491649825,1.17178296088575,1.25306971655351
2.6,1.21075213577868,1.17090892802728,1.25195111182762,1.21075213577868,1.17090892802728,1.25195111182762
2.7,1.2097497842749,1.17002470439447,1.25082362368629,1.2097497842749,1.17002470439447,1.25082362368629
2.8,1.20873802155022,1.16913053782671,1.24968731674486,1.20873802155022,1.16913053782671,1.24968731674486
2.9,1.20771700693841,1.16822667066029,1.24854226108695,1.20771700693841,1.16822667066029,1.24854226108695
3,1.20668689953234,1.16731333983725,1.2473885321194,1.20668689953234,1.16731333983725,1.2473885321194
3.1,1.20564785817274,1.16639077701727,1.24622621042468,1.20564785817274,1.16639077701727,1.24622621042468
3.2,1.20460004143722,1.16545920869196,1.24505538161146,1.20460004143722,1.16545920869196,1.24505538161146
3.3,1.20354360762945,1.16451885630131,1.24387613616359,1.20354360762945,1.16451885630131,1.24387613616359
3.4,1.20247871476858,1.16356993635182,1.24268856928795,1.20247871476858,1.16356993635182,1.24268856928795
3.5,1.2014055205788,1.16261266053596,1.24149278076143,1.2014055205788,1.16261266053596,1.24149278076143
3.6,1.20032418247914,1.16164723585276,1.2402888747775,1.20032418247914,1.16164723585276,1.2402888747775
3.7,1.19923485757343,1.16067386472907,1.23907695979255,1.19923485757343,1.16067386472907,1.23907695979255
3.8,1.1981377026405,1.15969274514134,1.23785714837226,1.1981377026405,1.15969274514134,1.23785714837226
3.9,1.19703287412455,1.15870407073764,1.23662955703839,1.19703287412455,1.15870407073764,1.23662955703839
4,1.19592052812568,1.15770803095975,1.23539430611597,1.19592052812568,1.15770803095975,1.23539430611597
4.1,1.19480082039072,1.15670481116496,1.23415151958138,1.19480082039072,1.15670481116496,1.23415151958138
4.2,1.1936739063041,1.15569459274765,1.23290132491119,1.1936739063041,1.15569459274765,1.23290132491119
4.3,1.19253994087908,1.15467755326033,1.23164385293219,1.19253994087908,1.15467755326033,1.23164385293219
4.4,1.19139907874903,1.15365386653394,1.23037923767257,1.19139907874903,1.15365386653394,1.23037923767257
4.5,1.19025147415903,1.15262370279756,1.22910761621441,1.19025147415903,1.15262370279756,1.22910761621441
4.6,1.18909728095752,1.15158722879709,1.22782912854769,1.18909728095752,1.15158722879709,1.22782912854769
4.7,1.18793665258831,1.15054460791301,1.22654391742577,1.18793665258831,1.15054460791301,1.22654391742577
4.8,1.18676974208262,1.14949600027718,1.22525212822249,1.18676974208262,1.14949600027718,1.22525212822249
4.9,1.18559670205143,1.14844156288839,1.22395390879095,1.18559670205143,1.14844156288839,1.22395390879095
5,1.18441768467795,1.14738144972681,1.22264940932407,1.18441768467795,1.14738144972681,1.22264940932407
5.1,1.18323284171033,1.14631581186726,1.22133878221686,1.18323284171033,1.14631581186726,1.22133878221686
5.2,1.18204232445449,1.14524479759114,1.22002218193056,1.18204232445449,1.14524479759114,1.22002218193056
5.3,1.18084628376724,1.14416855249715,1.21869976485862,1.18084628376724,1.14416855249715,1.21869976485862
5.4,1.1796448700495,1.14308721961063,1.21737168919454,1.1796448700495,1.14308721961063,1.21737168919454
5.5,1.17843823323972,1.14200093949168,1.21603811480163,1.17843823323972,1.14200093949168,1.21603811480163
5.6,1.17722652280756,1.14090985034182,1.2146992030846,1.17722652280756,1.14090985034182,1.2146992030846
5.7,1.17600988774763,1.13981408810939,1.21335511686312,1.17600988774763,1.13981408810939,1.21335511686312
5.8,1.17478847657356,1.13871378659359,1.21200602024729,1.17478847657356,1.13871378659359,1.21200602024729
5.9,1.1735624373121,1.13760907754716,1.21065207851492,1.1735624373121,1.13760907754716,1.21065207851492
6,1.17233191749755,1.13650009077773,1.20929345799083,1.17233191749755,1.13650009077773,1.20929345799083
6.1,1.17109706416629,1.13538695424782,1.20793032592794,1.17109706416629,1.13538695424782,1.20793032592794
6.2,1.16985802385146,1.13426979417351,1.20656285039032,1.16985802385146,1.13426979417351,1.20656285039032
6.3,1.16861494257793,1.13314873512185,1.20519120013806,1.16861494257793,1.13314873512185,1.20519120013806
6.4,1.16736796585737,1.13202390010681,1.20381554451403,1.16736796585737,1.13202390010681,1.20381554451403
6.5,1.16611723868349,1.13089541068412,1.20243605333245,1.16611723868349,1.13089541068412,1.20243605333245
6.6,1.1648629055275,1.12976338704462,1.20105289676941,1.1648629055275,1.12976338704462,1.20105289676941
6.7,1.16360511033376,1.12862794810647,1.19966624525508,1.16360511033376,1.12862794810647,1.19966624525508
6.8,1.16234399651553,1.12748921160597,1.19827626936783,1.16234399651553,1.12748921160597,1.19827626936783
6.9,1.16107970695097,1.12634729418718,1.19688313973019,1.16107970695097,1.12634729418718,1.19688313973019
7,1.15981238397931,1.12520231149019,1.19548702690654,1.15981238397931,1.12520231149019,1.19548702690654
7.1,1.15854216939711,1.12405437823818,1.19408810130266,1.15854216939711,1.12405437823818,1.19408810130266
7.2,1.15726920445482,1.12290360832317,1.1926865330671,1.15726920445482,1.12290360832317,1.1926865330671
7.3,1.15599362985338,1.12175011489046,1.19128249199429,1.15599362985338,1.12175011489046,1.19128249199429
7.4,1.15471558574111,1.12059401042189,1.18987614742956,1.15471558574111,1.12059401042189,1.18987614742956
7.5,1.15343521171069,1.11943540681767,1.18846766817586,1.15343521171069,1.11943540681767,1.18846766817586
7.6,1.15215264679633,1.11827441547701,1.18705722240238,1.15215264679633,1.11827441547701,1.18705722240238
7.7,1.1508680294711,1.11711114737739,1.18564497755499,1.1508680294711,1.11711114737739,1.18564497755499
7.8,1.14958149764446,1.11594571315248,1.1842311002685,1.14958149764446,1.11594571315248,1.1842311002685
7.9,1.14829318865991,1.11477822316878,1.1828157562808,1.14829318865991,1.11477822316878,1.1828157562808
8,1.14700323929283,1.11360878760078,1.18139911034888,1.14700323929283,1.11360878760078,1.18139911034888
8.1,1.14571178574848,1.1124375165048,1.17998132616673,1.14571178574848,1.1124375165048,1.17998132616673
8.2,1.14441896366014,1.1112645198914,1.17856256628524,1.14441896366014,1.1112645198914,1.17856256628524
8.3,1.14312490808746,1.11008990779627,1.17714299203392,1.14312490808746,1.11008990779627,1.17714299203392
8.4,1.1418297535149,1.1089137903497,1.17572276344472,1.1418297535149,1.1089137903497,1.17572276344472
8.5,1.14053363385041,1.10773627784448,1.17430203917782,1.14053363385041,1.10773627784448,1.17430203917782
8.6,1.13923668242417,1.10655748080228,1.17288097644945,1.13923668242417,1.10655748080228,1.17288097644945
8.7,1.13793903198759,1.1053775100384,1.17145973096184,1.13793903198759,1.1053775100384,1.17145973096184
8.8,1.13664081471239,1.10419647672486,1.17003845683522,1.13664081471239,1.10419647672486,1.17003845683522
8.9,1.13534216218984,1.10301449245187,1.16861730654201,1.13534216218984,1.10301449245187,1.16861730654201
9,1.13404320543023,1.10183166928751,1.16719643084327,1.13404320543023,1.10183166928751,1.16719643084327
9.1,1.13274407486235,1.10064811983567,1.16577597872728,1.13274407486235,1.10064811983567,1.16577597872728
9.2,1.13144490033328,1.09946395729216,1.16435609735045,1.13144490033328,1.09946395729216,1.16435609735045
9.3,1.13014581110819,1.09827929549899,1.16293693198059,1.13014581110819,1.09827929549899,1.16293693198059
9.4,1.12884693587041,1.09709424899666,1.1615186259425,1.12884693587041,1.09709424899666,1.1615186259425
9.5,1.12754840272153,1.0959089330746,1.16010132056595,1.12754840272153,1.0959089330746,1.16010132056595
9.6,1.12625033918173,1.09472346381954,1.15868515513619,1.12625033918173,1.09472346381954,1.15868515513619
9.7,1.12495287219024,1.09353795816182,1.15727026684684,1.12495287219024,1.09353795816182,1.15727026684684
9.8,1.1236561281059,1.09235253391968,1.15585679075541,1.1236561281059,1.09235253391968,1.15585679075541
9.9,1.12236023270792,1.09116730984139,1.15444485974134,1.12236023270792,1.09116730984139,1.15444485974134
10,1.12106531119674,1.08998240564516,1.15303460446662,1.12106531119674,1.08998240564516,1.15303460446662
10.1,1.11977148819505,1.08879794205693,1.15162615333909,1.11977148819505,1.08879794205693,1.15162615333909
10.2,1.11847888774894,1.08761404084585,1.15021963247843,1.11847888774894,1.08761404084585,1.15021963247843
10.3,1.1171876333292,1.08643082485752,1.14881516568473,1.1171876333292,1.08643082485752,1.14881516568473
10.4,1.11589784783274,1.08524841804491,1.14741287440994,1.11589784783274,1.08524841804491,1.14741287440994
10.5,1.11460965358417,1.08406694549696,1.14601287773191,1.11460965358417,1.08406694549696,1.14601287773191
10.6,1.11332317233746,1.08288653346488,1.14461529233132,1.11332317233746,1.08288653346488,1.14461529233132
10.7,1.11203852527783,1.08170730938597,1.14322023247127,1.11203852527783,1.08170730938597,1.14322023247127
10.8,1.11075583302366,1.08052940190517,1.14182780997974,1.11075583302366,1.08052940190517,1.14182780997974
10.9,1.10947521562862,1.07935294089421,1.14043813423475,1.10947521562862,1.07935294089421,1.14043813423475
11,1.10819679258389,1.07817805746831,1.1390513121524,1.10819679258389,1.07817805746831,1.1390513121524
11.1,1.10692068282048,1.07700488400058,1.1376674481776,1.10692068282048,1.07700488400058,1.1376674481776
11.2,1.10564700471178,1.07583355413398,1.13628664427759,1.10564700471178,1.07583355413398,1.13628664427759
11.3,1.10437587607612,1.07466420279094,1.13490899993824,1.10437587607612,1.07466420279094,1.13490899993824
11.4,1.10310741417951,1.07349696618067,1.13353461216304,1.10310741417951,1.07349696618067,1.13353461216304
11.5,1.10184173573852,1.07233198180407,1.1321635754748,1.10184173573852,1.07233198180407,1.1321635754748
11.6,1.10057895692325,1.07116938845644,1.13079598192001,1.10057895692325,1.07116938845644,1.13079598192001
11.7,1.09931919336043,1.07000932622789,1.12943192107583,1.09931919336043,1.07000932622789,1.12943192107583
11.8,1.09806256013667,1.06885193650151,1.12807148005967,1.09806256013667,1.06885193650151,1.12807148005967
11.9,1.0968091718018,1.06769736194944,1.12671474354127,1.0968091718018,1.06769736194944,1.12671474354127
12,1.09555914237234,1.0665457465268,1.1253617937573,1.09555914237234,1.0665457465268,1.1253617937573
12.1,1.09431258533508,1.06539723546352,1.12401271052833,1.09431258533508,1.06539723546352,1.12401271052833
12.2,1.09306961365078,1.0642519752542,1.12266757127819,1.09306961365078,1.0642519752542,1.12266757127819
12.3,1.09183033975801,1.06311011364613,1.12132645105557,1.09183033975801,1.06311011364613,1.12132645105557
12.4,1.0905948755771,1.06197179962526,1.11998942255787,1.0905948755771,1.06197179962526,1.11998942255787
12.5,1.08936333251415,1.06083718340061,1.11865655615712,1.08936333251415,1.06083718340061,1.11865655615712
12.6,1.08813582146523,1.05970641638679,1.11732791992802,1.08813582146523,1.05970641638679,1.11732791992802
12.7,1.08691245282065,1.05857965118503,1.11600357967784,1.08691245282065,1.05857965118503,1.11600357967784
12.8,1.08569333646935,1.05745704156264,1.11468359897827,1.08569333646935,1.05745704156264,1.11468359897827
12.9,1.0844785818034,1.05633874243098,1.113368039199,1.0844785818034,1.05633874243098,1.113368039199
13,1.08326829772263,1.05522490982219,1.11205695954299,1.08326829772263,1.05522490982219,1.11205695954299
13.1,1.08206259263932,1.05411570086456,1.11075041708327,1.08206259263932,1.05411570086456,1.11075041708327
13.2,1.08086157448307,1.05301127375681,1.10944846680134,1.08086157448307,1.05301127375681,1.10944846680134
13.3,1.07966535070571,1.05191178774133,1.1081511616268,1.07966535070571,1.05191178774133,1.1081511616268
13.4,1.07847402828634,1.05081740307639,1.10685855247833,1.07847402828634,1.05081740307639,1.10685855247833
13.5,1.07728771373653,1.04972828100757,1.10557068830588,1.07728771373653,1.04972828100757,1.10557068830588
13.6,1.07610651310552,1.04864458373841,1.1042876161338,1.07610651310552,1.04864458373841,1.1042876161338
13.7,1.07493053198559,1.04756647440044,1.10300938110505,1.07493053198559,1.04756647440044,1.10300938110505
13.8,1.07375987551757,1.04649411702256,1.10173602652622,1.07375987551757,1.04649411702256,1.10173602652622
13.9,1.07259464839635,1.04542767650014,1.1004675939133,1.07259464839635,1.04542767650014,1.1004675939133
14,1.07143495487658,1.04436731856362,1.09920412303811,1.07143495487658,1.04436731856362,1.09920412303811
14.1,1.07028089877845,1.04331320974693,1.09794565197528,1.07028089877845,1.04331320974693,1.09794565197528
14.2,1.06913258349354,1.04226551735579,1.09669221714968,1.06913258349354,1.04226551735579,1.09669221714968
14.3,1.0679901119908,1.04122440943584,1.09544385338423,1.0679901119908,1.04122440943584,1.09544385338423
14.4,1.06685358682261,1.04019005474095,1.09420059394793,1.06685358682261,1.04019005474095,1.09420059394793
14.5,1.06572311013099,1.03916262270152,1.09296247060407,1.06572311013099,1.03916262270152,1.09296247060407
14.6,1.06459878365381,1.03814228339311,1.09172951365858,1.06459878365381,1.03814228339311,1.09172951365858
14.7,1.0634807087312,1.03712920750524,1.09050175200827,1.0634807087312,1.03712920750524,1.09050175200827
14.8,1.06236898631201,1.03612356631071,1.08927921318909,1.06236898631201,1.03612356631071,1.08927921318909
14.9,1.06126371696034,1.03512553163526,1.08806192342412,1.06126371696034,1.03512553163526,1.08806192342412
15,1.06016500086222,1.03413527582777,1.08684990767143,1.06016500086222,1.03413527582777,1.08684990767143
15.1,1.05907293783235,1.03315297173118,1.08564318967151,1.05907293783235,1.03315297173118,1.08564318967151
15.2,1.05798762732095,1.03217879265388,1.08444179199442,1.05798762732095,1.03217879265388,1.08444179199442
15.3,1.0569091684207,1.03121291234201,1.08324573608641,1.0569091684207,1.03121291234201,1.08324573608641
15.4,1.05583765987375,1.03025550495244,1.08205504231608,1.05583765987375,1.03025550495244,1.08205504231608
15.5,1.0547732000789,1.02930674502661,1.08086973002001,1.0547732000789,1.02930674502661,1.08086973002001
15.6,1.05371588709875,1.0283668074653,1.07968981754768,1.05371588709875,1.0283668074653,1.07968981754768
15.7,1.05266581866706,1.02743586750432,1.07851532230583,1.05266581866706,1.02743586750432,1.07851532230583
15.8,1.05162309219613,1.02651410069112,1.07734626080204,1.05162309219613,1.02651410069112,1.07734626080204
15.9,1.0505878047843,1.02560168286255,1.07618264868763,1.0505878047843,1.02560168286255,1.07618264868763
16,1.04956005322357,1.02469879012355,1.07502450079973,1.04956005322357,1.02469879012355,1.07502450079973
16.1,1.04853993400719,1.02380559882701,1.07387183120257,1.04853993400719,1.02380559882701,1.07387183120257
16.2,1.04752754333754,1.02292228555467,1.07272465322795,1.04752754333754,1.02292228555467,1.07272465322795
16.3,1.04652297713389,1.02204902709923,1.07158297951479,1.04652297713389,1.02204902709923,1.07158297951479
16.4,1.04552633104041,1.02118600044754,1.07044682204786,1.04552633104041,1.02118600044754,1.07044682204786
16.5,1.04453770043418,1.02033338276501,1.06931619219559,1.04453770043418,1.02033338276501,1.06931619219559
16.6,1.04355718043332,1.01949135138119,1.06819110074703,1.04355718043332,1.01949135138119,1.06819110074703
16.7,1.04258486590523,1.01866008377651,1.06707155794779,1.04258486590523,1.01866008377651,1.06707155794779
16.8,1.04162085147485,1.01783975757025,1.06595757353516,1.04162085147485,1.01783975757025,1.06595757353516
16.9,1.04066523153311,1.01703055050964,1.06484915677231,1.04066523153311,1.01703055050964,1.06484915677231
17,1.03971810024537,1.01623264046024,1.06374631648149,1.03971810024537,1.01623264046024,1.06374631648149
17.1,1.03877955156002,1.01544620539741,1.06264906107648,1.03877955156002,1.01544620539741,1.06264906107648
17.2,1.03784967921711,1.014671423399,1.06155739859395,1.03784967921711,1.014671423399,1.06155739859395
17.3,1.03692857675717,1.01390847263923,1.06047133672413,1.03692857675717,1.01390847263923,1.06047133672413
17.4,1.03601633752995,1.0131575313836,1.05939088284049,1.03601633752995,1.0131575313836,1.05939088284049
17.5,1.03511305470343,1.01241877798505,1.05831604402865,1.03511305470343,1.01241877798505,1.05831604402865
17.6,1.0342188212728,1.01169239088117,1.0572468271144,1.0342188212728,1.01169239088117,1.0572468271144
17.7,1.03333373006958,1.01097854859243,1.05618323869103,1.03333373006958,1.01097854859243,1.05618323869103
17.8,1.0324578737708,1.01027742972156,1.05512528514579,1.0324578737708,1.01027742972156,1.05512528514579
17.9,1.03159134490829,1.0095892129538,1.05407297268576,1.03159134490829,1.0095892129538,1.05407297268576
18,1.03073423587805,1.00891407705826,1.05302630736289,1.03073423587805,1.00891407705826,1.05302630736289
18.1,1.02988663894973,1.00825220089011,1.05198529509857,1.02988663894973,1.00825220089011,1.05198529509857
18.2,1.02904864627615,1.00760376339365,1.05094994170746,1.02904864627615,1.00760376339365,1.05094994170746
18.3,1.02822034990297,1.00696894360628,1.04992025292089,1.02822034990297,1.00696894360628,1.04992025292089
18.4,1.0274018417784,1.00634792066312,1.04889623440977,1.0274018417784,1.00634792066312,1.04889623440977
18.5,1.02659321376304,1.00574087380244,1.04787789180709,1.02659321376304,1.00574087380244,1.04787789180709
18.6,1.02579455763975,1.00514798237161,1.04686523073008,1.02579455763975,1.00514798237161,1.04686523073008
18.7,1.02500596512373,1.00456942583371,1.0458582568022,1.02500596512373,1.00456942583371,1.0458582568022
18.8,1.02422752787252,1.00400538377444,1.04485697567487,1.02422752787252,1.00400538377444,1.04485697567487
18.9,1.02345933749626,1.00345603590956,1.0438613930493,1.02345933749626,1.00345603590956,1.0438613930493
19,1.02270148556792,1.00292156209237,1.04287151469827,1.02270148556792,1.00292156209237,1.04287151469827
19.1,1.02195406363369,1.00240214232144,1.04188734648824,1.02195406363369,1.00240214232144,1.04188734648824
19.2,1.02121716322344,1.00189795674823,1.04090889440172,1.02121716322344,1.00189795674823,1.04090889440172
19.3,1.02049087586128,1.00140918568444,1.03993616456029,1.02049087586128,1.00140918568444,1.03993616456029
19.4,1.01977529307618,1.00093600960905,1.03896916324829,1.01977529307618,1.00093600960905,1.03896916324829
19.5,1.01907050641274,1.0004786091746,1.03800789693754,1.01907050641274,1.0004786091746,1.03800789693754
19.6,1.01837660744204,1.00003716521263,1.03705237231324,1.01837660744204,1.00003716521263,1.03705237231324
19.7,1.01769368777254,0.999611858737832,1.03610259630153,1.01769368777254,0.999611858737832,1.03610259630153
19.8,1.01702183906112,0.999202870950719,1.03515857609888,1.01702183906112,0.999202870950719,1.03515857609888
19.9,1.01636115302423,0.998810383238157,1.0342203192039,1.01636115302423,0.998810383238157,1.0342203192039
20,1.01571172144908,0.998434577171464,1.03328783345199,1.01571172144908,0.998434577171464,1.03328783345199
20.1,1.01507363620499,0.998075634501354,1.03236112705348,1.01507363620499,0.998075634501354,1.03236112705348
20.2,1.01444698925481,0.997733737149049,1.03144020863596,1.01444698925481,0.997733737149049,1.03144020863596
20.3,1.01383187266642,0.99740906719267,1.03052508729174,1.01383187266642,0.99740906719267,1.03052508729174
20.4,1.01322837862437,0.997101806847878,1.02961577263132,1.01322837862437,0.997101806847878,1.02961577263132
20.5,1.0126365994416,0.996812138441472,1.02871227484441,1.0126365994416,0.996812138441472,1.02871227484441
20.6,1.01205662757128,0.996540244376391,1.02781460476983,1.01205662757128,0.996540244376391,1.02781460476983
20.7,1.01148855561872,0.9962863070862,1.02692277397638,1.01148855561872,0.9962863070862,1.02692277397638
20.8,1.01093247635342,0.996050508976681,1.02603679485694,1.01093247635342,0.996050508976681,1.02603679485694
20.9,1.01038848272121,0.995833032351573,1.02515668073888,1.01038848272121,0.995833032351573,1.02515668073888
21,1.00985666785649,0.995634059318756,1.02428244601436,1.00985666785649,0.995634059318756,1.02428244601436
21.1,1.0093371250946,0.995453771672192,1.02341410629535,1.0093371250946,0.995453771672192,1.02341410629535
21.2,1.00882994798425,0.995292350743702,1.0225516785992,1.00882994798425,0.995292350743702,1.0225516785992
21.3,1.00833523030016,0.99514997721694,1.02169518157245,1.00833523030016,0.99514997721694,1.02169518157245
21.4,1.00785306605567,0.99502683089378,1.02084463576264,1.00785306605567,0.99502683089378,1.02084463576264
21.5,1.00738354951559,0.994923090400303,1.020000063951,1.00738354951559,0.994923090400303,1.020000063951
21.6,1.0069267752091,0.994838932815634,1.01916149156268,1.0069267752091,0.994838932815634,1.01916149156268
21.7,1.00648283794277,0.994774533201363,1.0183289471769,1.00648283794277,0.994774533201363,1.0183289471769
21.8,1.00605183281371,0.994730064001764,1.01750246316676,1.00605183281371,0.994730064001764,1.01750246316676
21.9,1.00563385522283,0.994705694274447,1.01668207650905,1.00563385522283,0.994705694274447,1.01668207650905
22,1.00522900088821,0.994701588696163,1.01586782981943,1.00522900088821,0.994701588696163,1.01586782981943
22.1,1.00483736585864,0.994717906266986,1.01505977268969,1.00483736585864,0.994717906266986,1.01505977268969
22.2,1.0044590465272,0.994754798604872,1.01425796343516,1.0044590465272,0.994754798604872,1.01425796343516
22.3,1.00409413964504,0.994812407676304,1.01346247140653,1.00409413964504,0.994812407676304,1.01346247140653
22.4,1.00374274393282,0.994890856125981,1.01267339004491,1.00374274393282,0.994890856125981,1.01267339004491
22.5,1.00340503974073,0.994989916789236,1.01189133355848,1.00340503974073,0.994989916789236,1.01189133355848
22.6,1.00308132586938,0.995108875587961,1.01111764852201,1.00308132586938,0.995108875587961,1.01111764852201
22.7,1.00277191060066,0.995246995156392,1.01035372081851,1.00277191060066,0.995246995156392,1.01035372081851
22.8,1.00247710242171,0.995403558186867,1.00960091272968,1.00247710242171,0.995403558186867,1.00960091272968
22.9,1.00219721007034,0.995577872137481,1.00886055825684,1.00219721007034,0.995577872137481,1.00886055825684
23,1.00193254258144,0.995769274261041,1.00813395816886,1.00193254258144,0.995769274261041,1.00813395816886
23.1,1.0016834093344,0.995977137024175,1.00742237470802,1.0016834093344,0.995977137024175,1.00742237470802
23.2,1.00145012010152,0.996200873986319,1.00672702588407,1.00145012010152,0.996200873986319,1.00672702588407
23.3,1.00123298509746,0.996439946208787,1.00604907928603,1.00123298509746,0.996439946208787,1.00604907928603
23.4,1.00103231502964,0.996693869263717,1.00538964534201,1.00103231502964,0.996693869263717,1.00538964534201
23.5,1.00084842114978,0.996962220910708,1.00474976995916,1.00084842114978,0.996962220910708,1.00474976995916
23.6,1.00068161530634,0.997244649504547,1.0041304264802,1.00068161530634,0.997244649504547,1.0041304264802
23.7,1.0005322099981,0.99754088318959,1.00353250690119,1.0005322099981,0.99754088318959,1.00353250690119
23.8,1.00040051842873,0.997850739923845,1.00295681230727,1.00040051842873,0.997850739923845,1.00295681230727
23.9,1.00028685456246,0.998174138357125,1.00240404250233,1.00028685456246,0.998174138357125,1.00240404250233
24,1.00019153318077,0.998511109561293,1.00187478483442,1.00019153318077,0.998511109561293,1.00187478483442
24.1,1.00011486994018,0.998861809574782,1.00136950225504,1.00011486994018,0.998861809574782,1.00136950225504
24.2,1.00005718143114,0.999226532676828,1.0008885206969,1.00005718143114,0.999226532676828,1.0008885206969
24.3,1.00001878523798,0.999605725247774,1.00043201591404,1.00001878523798,0.999605725247774,1.00043201591404
24.4,1,1,1,1,1,1
24.5,1.00000114547365,0.999592307883507,1.00041015028015,1.00000114547365,0.999592307883507,1.00041015028015
24.6,1.0000225425959,0.999208584195031,1.00083716404979,1.0000225425959,0.999208584195031,1.00083716404979
24.7,1.00006451354864,0.998848270995441,1.00128223705343,1.00006451354864,0.998848270995441,1.00128223705343
24.8,1.00012738182439,0.998510596953327,1.00174678458786,1.00012738182439,0.998510596953327,1.00174678458786
24.9,1.00021147229306,0.998194568638278,1.0022324512058,1.00021147229306,0.998194568638278,1.0022324512058
25,1.00031711126996,0.99789896465007,1.00274111763446,1.00031711126996,0.99789896465007,1.00274111763446
25.1,1.00044462658499,0.997622333312164,1.0032749041812,1.00044462658499,0.997622333312164,1.0032749041812
25.2,1.00059434765305,0.997362994606718,1.00383616994936,1.00059434765305,0.997362994606718,1.00383616994936
25.3,1.0007666055457,0.997119046904857,1.0044275073115,1.0007666055457,0.997119046904857,1.0044275073115
25.4,1.00096173306406,0.996888378844864,1.00505173128768,1.00096173306406,0.996888378844864,1.00505173128768
25.5,1.00118006481298,0.99666868643716,1.00571186375095,1.00118006481298,0.99666868643716,1.00571186375095
25.6,1.00142193727654,0.99645749514622,1.00641111271038,1.00142193727654,0.99645749514622,1.00641111271038
25.7,1.00168768889478,0.996252186346758,1.00715284727528,1.00168768889478,0.996252186346758,1.00715284727528
25.8,1.00197766014182,0.996050027215103,1.00794056924057,1.00197766014182,0.996050027215103,1.00794056924057
25.9,1.00229206544105,0.99584816972874,1.0087776580638,1.00229206544105,0.99584816972874,1.0087776580638
26,1.00263060840625,0.995643716893513,1.00966653016161,1.00263060840625,0.995643716893513,1.00966653016161
26.1,1.00299286572534,0.995434074084171,1.01060905476988,1.00299286572534,0.995434074084171,1.01060905476988
26.2,1.00337841514347,0.995217012599416,1.01160674629771,1.00337841514347,0.995217012599416,1.01160674629771
26.3,1.00378683536104,0.994990653313836,1.01266077976545,1.00378683536104,0.994990653313836,1.01266077976545
26.4,1.00421770593372,0.994753441645815,1.01377201494504,1.00421770593372,0.994753441645815,1.01377201494504
26.5,1.00467060717443,0.994504117376723,1.01494102566685,1.00467060717443,0.994504117376723,1.01494102566685
26.6,1.00514512005712,0.994241682178475,1.01616813143555,1.00514512005712,0.994241682178475,1.01616813143555
26.7,1.0056408261226,0.993965367013289,1.01745342919078,1.0056408261226,0.993965367013289,1.01745342919078
26.8,1.00615730738616,0.993674600922772,1.01879682369505,1.00615730738616,0.993674600922772,1.01879682369505
26.9,1.0066941462471,0.993368982168544,1.02019805558638,1.0066941462471,0.993368982168544,1.02019805558638
27,1.00725092540008,0.993048252244386,1.0216567265753,1.00725092540008,0.993048252244386,1.0216567265753
27.1,1.0078272277484,0.992712272951547,1.02317232159434,1.0078272277484,0.992712272951547,1.02317232159434
27.2,1.00842263631902,0.99236100650207,1.02474422793485,1.00842263631902,0.99236100650207,1.02474422793485
27.3,1.00903673417947,0.991994498471283,1.02637175154962,1.00903673417947,0.991994498471283,1.02637175154962
27.4,1.00966910435652,0.991612863340199,1.02805413078063,1.00966910435652,0.991612863340199,1.02805413078063
27.5,1.01031932975677,0.991216272333387,1.02979054780574,1.01031932975677,0.991216272333387,1.02979054780574
27.6,1.01098699308888,0.990804943252992,1.03158013810384,1.01098699308888,0.990804943252992,1.03158013810384
27.7,1.01167167678775,0.990379132023477,1.03342199822347,1.01167167678775,0.990379132023477,1.03342199822347
27.8,1.0123729629404,0.989939125686064,1.0353151921159,1.0123729629404,0.989939125686064,1.0353151921159
27.9,1.01309043321365,0.989485236610977,1.03725875626434,1.01309043321365,0.989485236610977,1.03725875626434
28,1.01382366878365,0.989017797725802,1.03925170381099,1.01382366878365,0.989017797725802,1.03925170381099
28.1,1.01457225026705,0.988537158587259,1.04129302785443,1.01457225026705,0.988537158587259,1.04129302785443
28.2,1.01533575765413,0.988043682150278,1.04338170406345,1.01533575765413,0.988043682150278,1.04338170406345
28.3,1.01611377024356,0.987537742111884,1.04551669272972,1.01611377024356,0.987537742111884,1.04551669272972
28.4,1.01690586657903,0.987019720727872,1.0476969403613,1.01690586657903,0.987019720727872,1.0476969403613
28.5,1.01771162438761,0.986490007017805,1.0499213809015,1.01771162438761,0.986490007017805,1.0499213809015
28.6,1.0185306205199,0.98594899528865,1.05218893664266,1.0185306205199,0.98594899528865,1.05218893664266
28.7,1.01936243089203,0.985397083919726,1.05449851889226,1.01936243089203,0.985397083919726,1.05449851889226
28.8,1.02020663042931,0.984834674361929,1.05684902843847,1.02020663042931,0.984834674361929,1.05684902843847
28.9,1.02106279301182,0.984262170312675,1.05923935585364,1.02106279301182,0.984262170312675,1.05923935585364
29,1.02193049142172,0.983679977035009,1.06166838166745,1.02193049142172,0.983679977035009,1.06166838166745
29.1,1.02280929729233,0.983088500795048,1.06413497643558,1.02280929729233,0.983088500795048,1.06413497643558
29.2,1.02369878105911,0.982488148396615,1.06663800072513,1.02369878105911,0.982488148396615,1.06663800072513
29.3,1.02459851191235,0.981879326795789,1.06917630503421,1.02459851191235,0.981879326795789,1.06917630503421
29.4,1.02550805775178,0.981262442781204,1.07174872966,1.02550805775178,0.981262442781204,1.07174872966
29.5,1.02642698514291,0.980637902708509,1.07435410452693,1.02642698514291,0.980637902708509,1.07435410452693
29.6,1.0273548592753,0.98000611227949,1.07699124898475,1.0273548592753,0.98000611227949,1.07699124898475
29.7,1.02829124392259,0.979367476358055,1.07965897158431,1.02829124392259,0.979367476358055,1.07965897158431
29.8,1.02923570140441,0.9787223988167,1.08235606983776,1.02923570140441,0.9787223988167,1.08235606983776
29.9,1.03018779255022,0.978071282408178,1.08508132996853,1.03018779255022,0.978071282408178,1.08508132996853
30,1.03114707666491,0.977414528658079,1.08783352665565,1.03114707666491,0.977414528658079,1.08783352665565
30.1,1.03211311149635,0.976752537774727,1.09061142277611,1.03211311149635,0.976752537774727,1.09061142277611
30.2,1.03308545320484,0.976085708573496,1.09341376914861,1.03308545320484,0.976085708573496,1.09341376914861
30.3,1.03406365633442,0.975414438413089,1.0962393042811,1.03406365633442,0.975414438413089,1.0962393042811
30.4,1.03504727378615,0.974739123141816,1.09908675412455,1.03504727378615,0.974739123141816,1.09908675412455
30.5,1.03603585679328,0.974060157052186,1.10195483183475,1.03603585679328,0.974060157052186,1.10195483183475
30.6,1.03702895489834,0.973377932842458,1.10484223754392,1.03702895489834,0.973377932842458,1.10484223754392
30.7,1.03802611593228,0.972692841584018,1.1077476581433,1.03802611593228,0.972692841584018,1.1077476581433
30.8,1.03902688599545,0.972005272693616,1.1106697670782,1.03902688599545,0.972005272693616,1.1106697670782
30.9,1.04003080944067,0.971315613909702,1.11360722415645,1.04003080944067,0.971315613909702,1.11360722415645
31,1.04103742885818,0.970624251272188,1.11655867537122,1.04103742885818,0.970624251272188,1.11655867537122
31.1,1.04204628506275,0.969931569105083,1.1195227527391,1.04204628506275,0.969931569105083,1.1195227527391
31.2,1.04305691708261,0.969237950001556,1.12249807415416,1.04305691708261,0.969237950001556,1.12249807415416
